{
  "version": "2020.2",
  "applications": [],
  "platforms": [
    {
      "name": "display_system"
    }
  ],
  "systems": [
    {
      "name": "display_app_2_system",
      "platform": "/opt/minoru/vivado/display/display.vitis/display_system/export/display_system/display_system.xpfm",
      "sysConfig": "display_system",
      "buildConfig": "Debug",
      "applications": [
        {
          "name": "display_app_2",
          "platform": "/opt/minoru/vivado/display/display.vitis/display_system/export/display_system/display_system.xpfm",
          "platformPath": "/opt/minoru/vivado/display/display.vitis/display_system/export/display_system",
          "sysConfig": "display_system",
          "domain": "standalone_domain",
          "system": "display_app_2_system"
        }
      ],
      "platformPath": "/opt/minoru/vivado/display/display.vitis/display_system/export/display_system"
    }
  ],
  "others": []
}